{"rec_loss": [2.3446566121918813, 0.6271321837391172, 0.45633384372506824, 0.3848925914083208, 0.34260872857911245, 0.3031266949006489, 0.2625383106725557, 0.22989679127931595, 0.20628679117986135, 0.18913542798587255, 0.1744827851653099, 0.1593691600220544, 0.14558058764253343, 0.13999312637107714, 0.135481808334589, 0.1283109954425267, 0.12338121661118098, 0.12007512152194977, 0.11461737326213292, 0.11202510818839073, 0.10951048508286476, 0.10834076308778354, 0.10546937212347984, 0.10250859494720187, 0.10034955931561333, 0.0998632221349648, 0.09658883245927948, 0.09540822463376182, 0.09759737817304474, 0.09314806812575885, 0.09003222893391337, 0.08869403121726853, 0.08736795080559594, 0.08586515645895686, 0.08500371660505023, 0.08379553843821798, 0.08262158398117338, 0.08068200945854187, 0.07991917165262359, 0.0793540972684111], "rec_acc": [0.9608263648050556, 0.9822973210853361, 0.9909587985642313, 0.9898298321715344, 0.9887012334156022, 0.9928426159746, 0.9905851427239345, 0.9939729613755165, 0.99510257143559, 0.9920909830019404, 0.9939739726796907, 0.9928438111195953, 0.9954801801905416, 0.9951028472641352, 0.9932207769252765, 0.9951033989662402, 0.996233009026281, 0.9913389822130553, 0.996609698801416, 0.9973634463475697, 0.9951043184620909, 0.9958566865737185, 0.9969870321765703, 0.99548091620469, 0.9969862969703819, 0.9947279959871418, 0.9966101586054807, 0.998116458642641, 0.994351398379263, 0.9962337445466998, 0.9962340203079096, 0.9966099746300215, 0.9996232179228556, 0.9947280881544474, 0.9969873080052032, 0.9954805487699044, 0.9969870324683866, 0.9973627110067651, 0.9947281800300133, 0.9992458846150368], "dataset": "MNIST", "img_size": [28, 28, 1], "train_batch_size": 4096, "inference_batch_size": 1024, "lr": 0.0005, "epochs": 40, "seed": 114514, "label_dim": 10, "triddm_proj": 32, "classes": 10, "gt_weight": 3}