{"rec_loss": [2.4627926094191417, 0.44853000129972187, 0.3049094283155033, 0.24337278519357955, 0.20381535163947515, 0.18056066440684454, 0.1615842410496303, 0.1447052572454725, 0.12566385311739786, 0.10689536003129822, 0.09213092018451009, 0.08945268924747195, 0.08291705165590559, 0.07751880639365741, 0.07247305102646351, 0.06881487263100487, 0.06724426576069423, 0.06538405216165952, 0.06139114046735423, 0.05934537361775126, 0.05812798972640719, 0.05675364871110235, 0.05412705881255014, 0.05199514435870307, 0.05167553786720548], "rec_acc": [0.8930207083124789, 0.9419953622449586, 0.9642153781974612, 0.9687366685092652, 0.9751390177211321, 0.9721296350858921, 0.975894144500041, 0.980412309180962, 0.979659205010396, 0.9822958506056236, 0.9864396232524743, 0.9800389291019242, 0.983805368081903, 0.9913358562903941, 0.9913365916537007, 0.9868175082623489, 0.9864415538954909, 0.9909601773480687, 0.9917140168146494, 0.990584498966874, 0.9924667535504625, 0.9902084526121604, 0.9932205007375795, 0.9939735130550923, 0.9932197658904004], "dataset": "MNIST", "img_size": [28, 28, 1], "train_batch_size": 4096, "inference_batch_size": 1024, "lr": 0.0005, "epochs": 25, "seed": 1234, "label_dim": 10, "triddm_proj": 32, "classes": 10}