{"rec_loss": [3.6675041743687222, 1.2504519351891108, 0.9120380069528308, 0.783111857516425, 0.714981211083276, 0.6688761029924665, 0.6410862292562213, 0.615008111510958, 0.5909439921379089, 0.564745157957077, 0.5370088964700699, 0.5310480892658234, 0.5155909998076302, 0.5075110048055649, 0.5010195757661547, 0.49398198298045565, 0.48546099237033297, 0.48348526869501385, 0.47894743510654997, 0.47797600073473795, 0.47168255703789846, 0.4690935505287988, 0.46467345527240206, 0.4594675430229732, 0.4613817163876125, 0.4577672396387373, 0.4544077685901097, 0.4536030441522598, 0.45460172423294615, 0.4490880561726434, 0.44843518095357077, 0.45351808624608175, 0.447284215262958, 0.44303421889032635, 0.4415857472590038, 0.4394790955952236, 0.43742639890738894, 0.4381638446024486, 0.4375845193862915, 0.43669519679886953], "rec_acc": [0.8350271041049975, 0.9197695536673197, 0.9348415641033035, 0.9532967034986933, 0.9687374952544189, 0.9683625526854045, 0.9758926727858923, 0.9758953397123993, 0.9725077967771714, 0.9789074796012699, 0.9826757573710584, 0.9860627493446634, 0.9841818736571254, 0.9875699685636249, 0.9898302914593896, 0.9890769118867219, 0.9924662018035677, 0.988701049687038, 0.992089971495809, 0.9917130977901033, 0.9902077174058733, 0.9932193060863741, 0.993220593084439, 0.9981152630712624, 0.9928436274133247, 0.9924679487179269, 0.9958557674592748, 0.9947257900766835, 0.9951032148336303, 0.9966094230850235, 0.9958565031592806, 0.9966099743606248, 0.9969862048928588, 0.9977391251552298, 0.9958562272184511, 0.9954807323189805, 0.9966098827096109, 0.9958572384552954, 0.996986388980531, 0.9966104343443147], "dataset": "MNIST", "img_size": [28, 28, 1], "train_batch_size": 4096, "inference_batch_size": 1024, "lr": 0.0005, "epochs": 40, "seed": 42, "label_dim": 10, "triddm_proj": 32, "classes": 10, "gt_weight": 1}