{"rec_loss": [10.012955120631627, 5.9415388107299805, 3.1028963838304793, 1.7904613018035889, 1.1274296939373016, 0.8429611027240753, 0.7048184829098838, 0.6277197514261518, 0.5791252085140773, 0.5372034651892525, 0.5108343298946109, 0.4884617669241769, 0.47350687214306425, 0.4516805772270475, 0.430560507944652, 0.4092573033911841, 0.3864020364625113, 0.35959843013967785, 0.34158664303166525, 0.3313799628189632, 0.3250599035194942, 0.3184688836336136, 0.3141278603247234, 0.3120336958340236, 0.3090933220727103, 0.3071312201874597, 0.30614221734660013, 0.30405695949281963, 0.3027872996670859, 0.3011674923556192, 0.2999889297144754, 0.2995449198143823, 0.2976992683751242, 0.29599183797836304, 0.2966521148170744, 0.2943634582417352, 0.29342410394123625, 0.2920240802424295, 0.2912702134677342, 0.2909203256879534], "rec_acc": [0.2598841330201887, 0.5080912454178514, 0.6979293534124871, 0.8365292662420224, 0.8979272401631515, 0.9397370611043432, 0.9706163487825263, 0.9755163510065258, 0.982672999511622, 0.9871941059375194, 0.987570887947394, 0.9864429328139939, 0.992466202162599, 0.9932198577211435, 0.9977393089063725, 0.9935978346066223, 0.99698657279896, 0.9992462523415839, 0.9996229423186981, 0.997740412220685, 0.9992467121232127, 0.99962321814732, 0.9999992645693417, 0.9981169182672504, 0.9999999080346955, 0.9999997241040973, 0.9999996322734364, 0.99999999993267, 0.9988700222358701, 0.9999997242387518, 1.0003765979669539, 0.999999908079573, 0.9996234939310206, 1.0000000918530916, 0.999999908057137, 0.9996234938861376, 0.999623402055493, 1.0003765060465324, 1.0003765979669375, 1.000376506024091], "dataset": "MNIST", "img_size": [28, 28, 1], "train_batch_size": 4096, "inference_batch_size": 1024, "lr": 0.0005, "epochs": 40, "seed": 114514, "label_dim": 10, "triddm_proj": 32, "classes": 10, "gt_weight": 1}