{"rec_loss": [9.835046972547259, 7.406121696744647, 5.5816678660256525, 3.3525402205330983, 1.5033436034406935, 0.8192676390920367, 0.5528184132916587, 0.4337139001914433, 0.36295977447714123, 0.3256017395428249, 0.29756040445395876, 0.27391854247876574, 0.25875555191721233, 0.247632058603423, 0.23838381894997188, 0.2322639940040452, 0.22612189714397704, 0.22126418139253343, 0.21700031416756765, 0.21372067821877344, 0.21123039616005762, 0.20739538541861943, 0.2056085956948144, 0.20311956852674484, 0.20161203933613642, 0.1998244577220508, 0.1978708612067359, 0.1980317234992981, 0.19652573551450456, 0.19459664608751023, 0.19410064390727452, 0.19273542506354197, 0.19262697121926717, 0.19161279499530792, 0.1910008458154542, 0.19036660343408585, 0.1894241805587496, 0.18912417867353984, 0.1885920912027359, 0.18786321793283736], "rec_acc": [0.271562439361279, 0.37287492184587817, 0.4470844891871153, 0.6587541536173573, 0.8278706391038475, 0.9092279376374884, 0.95141067932493, 0.9672313803147932, 0.9792841693539086, 0.9849338746255752, 0.9875719912167906, 0.9905850509157315, 0.9951024797620142, 0.9958554916082443, 0.9962330091833387, 0.996232917150715, 0.9962342042609547, 0.9977399523941349, 0.9984934242015479, 0.999246068455836, 0.9977404121982435, 0.9988698383276532, 0.9988702978848778, 0.9988701142011418, 0.9984936999852703, 0.998117102152949, 0.999623126249329, 0.9984936999852484, 0.9996233100452946, 0.9996234939310097, 0.9996232181473255, 1.0003762302404067, 0.9999998161815875, 0.9999997241714219, 0.9996234020330351, 1.0000000919428575, 1.0003765060241019, 0.9999999999775475, 1.0003763221832533, 1.000376414081228], "dataset": "MNIST", "img_size": [28, 28, 1], "train_batch_size": 4096, "inference_batch_size": 1024, "lr": 0.0005, "epochs": 40, "seed": 42, "label_dim": 10, "triddm_proj": 32, "classes": 10, "gt_weight": 0.8}