{"rec_loss": [7.463720798492432, 4.816509110586984, 3.852582369531904, 3.3765242270060947, 2.813889878136771, 2.4076751129967824, 1.9679491434778487, 1.4734038625444685, 1.0868130368845803, 0.9252124513898577, 0.8436680521283831, 0.7706147602626255, 0.641884194953101, 0.5534129930394036, 0.5335566060883659, 0.6195701680013112, 0.5424539127520153, 0.4487591194255011, 0.4004755701337542, 0.3717416397162846, 0.3536419485296522, 0.3465100271361215, 0.3322641806943076, 0.32197737055165426, 0.3196520996945245], "rec_acc": [0.4655239991713599, 0.5178892315218765, 0.5721417677956359, 0.6753314504971071, 0.7220340140142252, 0.7419966478963961, 0.7841804014938724, 0.845945963901689, 0.8677994018415947, 0.914116538115945, 0.9129930881826523, 0.9182649094549479, 0.9374781176881354, 0.9506595983012539, 0.9348491024753313, 0.9261792584657138, 0.960451144880887, 0.9732553841291923, 0.9822941950506429, 0.9849335068989623, 0.9830526313459144, 0.9853116671764705, 0.9879467503490023, 0.9902064300936765, 0.9883237164913828], "dataset": "MNIST", "img_size": [28, 28, 1], "train_batch_size": 4096, "inference_batch_size": 1024, "lr": 0.0005, "epochs": 25, "seed": 1234, "label_dim": 10, "triddm_proj": 32, "classes": 10, "gt_weight": 1.1}