{"rec_loss": [10.197749785014562, 7.457062482833862, 5.118923136166164, 3.31679139818464, 2.109958674226488, 1.4477598241397314, 0.9162575687680926, 0.6243169690881457, 0.4675965905189514, 0.3899853974580765, 0.34283939216818127, 0.3141100789819445, 0.2873165543590273, 0.27046260450567516, 0.2555562193904604, 0.24562721593039377, 0.2381014877132007, 0.2305342491183962, 0.2264777006847518, 0.22186305586780822, 0.2178907138960702, 0.21495617819683893, 0.21250748102154052, 0.20998282304831914, 0.2077474913426808, 0.20678031763860158, 0.20545520527022226, 0.20376223112855638, 0.2020315400191716, 0.20126917319638388, 0.2003431777868952, 0.19970525056123734, 0.19879227238042013, 0.19798073491879872, 0.1971010278378214, 0.1965733181153025, 0.19587326901299612, 0.1955591035740716, 0.1947947655405317, 0.19533310724156244], "rec_acc": [0.2602508010012671, 0.3551762910433427, 0.479844469048693, 0.6233481545450974, 0.7352190788500829, 0.7962413748390667, 0.8858763803306592, 0.9408640053825362, 0.9566869120362039, 0.9728796139623347, 0.9838023335186092, 0.9826759415259511, 0.9887009574972252, 0.9928427999276614, 0.99472689287477, 0.995856686798057, 0.9973630787108378, 0.9984929644647748, 0.9977401362798446, 0.9988696544868431, 0.9981165505855533, 0.998870389917474, 0.9984935160995223, 0.9977407798798967, 0.999246620247707, 0.9992467121007602, 0.9999996322060954, 0.9992466202028076, 0.9999996322958834, 0.998493791995436, 0.9996233101126136, 0.9999996322734145, 0.9992468960538382, 0.9999998161142795, 0.9999999080346955, 0.9999995403754728, 1.0003765978547463, 1.0003763221832642, 1.0003763222057114, 1.000376322183259], "dataset": "MNIST", "img_size": [28, 28, 1], "train_batch_size": 4096, "inference_batch_size": 1024, "lr": 0.0005, "epochs": 40, "seed": 42, "label_dim": 10, "triddm_proj": 32, "classes": 10, "gt_weight": 0.8}