{"rec_loss": [10.209742375782557, 7.074620383126395, 5.066519158227103, 3.31130313873291, 2.156398279326303, 1.6360492876597814, 1.3466790063040597, 1.1869074957711356, 1.109704660517829, 1.0566328423363822, 1.0147782010691506, 0.9816885420254299, 0.9540179456983294, 0.9290586965424674, 0.9095583472933088, 0.8965485138552529, 0.8838469684123993, 0.8740796021052769, 0.8684306996209281, 0.8608634216444833, 0.854660302400589, 0.8510510708604541, 0.8476457638399941, 0.843585478407996, 0.8411691401685987, 0.8391965797969273, 0.8360130999769483, 0.8331216147967747, 0.8311956226825714, 0.8297701818602425, 0.8272690176963806, 0.8249554591519492, 0.8239434276308332, 0.8221760477338519, 0.8208509044987815, 0.8205614004816327, 0.8197458471570697, 0.8186761609145573, 0.8180857683931079, 0.8173251066889081], "rec_acc": [0.28813651916111643, 0.41129950154343364, 0.5461338024299713, 0.7103569947154744, 0.8369073362597147, 0.8986759305376358, 0.9322027118118853, 0.9563103138896685, 0.9736321662509347, 0.9755162598492745, 0.9845565414748141, 0.9838040811287209, 0.9875724507964786, 0.9905845910667618, 0.9947266170910037, 0.99736307839658, 0.9947276282830143, 0.9951042262948239, 0.9962334686283064, 0.9977393088165791, 0.996986572821396, 0.9996221150125232, 0.9969872163092132, 0.9988698383052173, 0.9981164586651208, 0.9981164584856052, 0.9973638142537365, 0.9981169182223618, 0.9984937000974724, 0.9984937919954414, 0.9999994483877158, 0.9988702060318028, 1.0003765059792025, 0.9992468040660976, 0.9992467121681176, 0.9992468040885117, 0.9996234938861212, 0.9996234939983396, 0.9999992646366552, 1.000376414081228], "dataset": "MNIST", "img_size": [28, 28, 1], "train_batch_size": 4096, "inference_batch_size": 1024, "lr": 0.0005, "epochs": 40, "seed": 42, "label_dim": 10, "triddm_proj": 32, "classes": 10, "gt_weight": 1}