{"rec_loss": [3.469228378364018, 1.011698569570269, 0.6622820198535919, 0.5268914209944862, 0.4575425812176296, 0.4150957443884441, 0.37729754618235994, 0.3452507257461548, 0.3244245243924005, 0.3022762324128832, 0.27749266369002207, 0.27018201776913237, 0.25810712575912476, 0.24960679135152272, 0.24839517154863902, 0.23900365297283446, 0.23602484273059027, 0.23004531541040965, 0.22707835691315786, 0.2243690245917865, 0.21799120839153016, 0.21747367190463202, 0.21197630997214997, 0.20913936517068318, 0.20788908856255667, 0.20535787301404135, 0.2032830204282488, 0.2008675251688276, 0.19962683213608606, 0.19706033595970698, 0.19445517020566122, 0.19468671615634645, 0.19266422305788314, 0.19030735854591643, 0.19020782623972213, 0.18748996087482997, 0.18674386718443461, 0.18564132494585855, 0.18537494540214539, 0.18219013512134552], "rec_acc": [0.8402991077359335, 0.9118640298023902, 0.9310765958052082, 0.9484011135895318, 0.9642193310223772, 0.9661030567591317, 0.9725030160401761, 0.9811648611332957, 0.9747663731626118, 0.9777796163881652, 0.9845592988180849, 0.9826750221871909, 0.9879471178511453, 0.9898292806490491, 0.9879475776328014, 0.9879476694859094, 0.9905839471300651, 0.9898304759511679, 0.990959626207111, 0.9917130058921013, 0.993220317143593, 0.9935963637002474, 0.995103122980473, 0.9935969150432773, 0.9932197656436096, 0.9939736051102067, 0.9962320896200538, 0.9947262494991987, 0.9924679486730658, 0.9939738808041687, 0.9939736052000001, 0.9943509385751435, 0.9958564111715181, 0.995855675628592, 0.9958562271960425, 0.995480548545462, 0.995103858680528, 0.9958572385674536, 0.9962334686283447, 0.9954812839761202], "dataset": "MNIST", "img_size": [28, 28, 1], "train_batch_size": 4096, "inference_batch_size": 1024, "lr": 0.0005, "epochs": 40, "seed": 42, "label_dim": 10, "triddm_proj": 32, "classes": 10, "gt_weight": 1}