{"rec_loss": [4.569764273507254, 1.784102669784001, 1.1622453842844283, 0.8744661808013916, 0.7284235443387713, 0.6122577956744603, 0.5502210153000695, 0.5126150186572757, 0.4669690068278994, 0.44083971636635916], "rec_acc": [0.636530278556322, 0.7762664198057285, 0.8177021267411502, 0.8598840416387086, 0.8866236006069803, 0.895287192120894, 0.9001864583981737, 0.9088510632582689, 0.9114865143368908, 0.927679674585766], "dataset": "MNIST", "img_size": [28, 28, 1], "train_batch_size": 4096, "inference_batch_size": 1024, "lr": 0.0005, "epochs": 10, "seed": 1234, "label_dim": 10, "triddm_proj": 32, "classes": 10}