{"rec_loss": [11.494511808667864, 7.4737167698996405, 4.60886595930372, 2.9594431264059886, 2.1634218948228017, 1.8049749902316503, 1.6399358340672083, 1.5637316703796387, 1.5157720702035087, 1.481940141745976, 1.4535874724388123, 1.4312612840107508, 1.4167705178260803, 1.4043789165360587, 1.3925949249948775, 1.38560517345156, 1.379519556249891, 1.370995581150055, 1.3621096781321935, 1.354959147317069, 1.347599812916347, 1.339564323425293, 1.3301786950656347, 1.320377767086029, 1.3080240658351354, 1.297236680984497, 1.2886478730610438, 1.2814461503710066, 1.2758039661816187, 1.2712691852024622, 1.2669894014086043, 1.263370360646929, 1.259799599647522, 1.2576920219830103, 1.2552615404129028, 1.252784788608551, 1.2508609209741866, 1.2470210790634155, 1.2445200000490462, 1.2433475511414664], "rec_acc": [0.23804338200603561, 0.45686748710049646, 0.661389053016913, 0.802634346462521, 0.8964213067525539, 0.9450069511945438, 0.9570643380500667, 0.9706220490155915, 0.9758947886387223, 0.9785340079158712, 0.9913355805514946, 0.9898291885715699, 0.9905835798972968, 0.9935952606328408, 0.9954793529515598, 0.9954807324760108, 0.9924685001731095, 0.9958569624022693, 0.9988692863338634, 0.9958572384328429, 0.9984929645994347, 0.9962342960916485, 0.9973636304353186, 0.9988700221011717, 0.9984932403382742, 0.9996231261146745, 0.9996228501963029, 0.997740320300269, 0.994728455925872, 0.9992463443293355, 0.9996227583432498, 0.9977404121982599, 0.9977406879819606, 0.9977407798350137, 0.9996232181472816, 0.9984937000974888, 0.9996234018984025, 0.9992469879293329, 0.99962321814732, 1.0003765060240963], "dataset": "MNIST", "img_size": [28, 28, 1], "train_batch_size": 4096, "inference_batch_size": 1024, "lr": 0.0005, "epochs": 40, "seed": 114514, "label_dim": 10, "triddm_proj": 32, "classes": 10, "gt_weight": 3}