{"rec_loss": [3.1445902415684293, 0.8459646616663251, 0.5238960406609944, 0.3973634051425116, 0.34052778141839163, 0.2929053136280605, 0.2663682369249208, 0.24837177246809006, 0.23289749984230315, 0.21608782346759522, 0.20914186643702642, 0.19842851055519922, 0.1903244980743953, 0.18980429215090616, 0.18382571744067328, 0.17687211079256876, 0.17189194794212068, 0.17079439227070128, 0.1689087918826512, 0.16445147884743555, 0.16109199076890945, 0.15800782718828746, 0.15506867851529801, 0.1509118846484593, 0.1484036903296198, 0.15100296693188803, 0.14975393563508987, 0.14669958661709512, 0.14642845200640814, 0.14136914908885956, 0.13896660187414714, 0.13955687837941305, 0.13949252665042877, 0.13647943415812083, 0.13593933305570058, 0.13760083381618773, 0.13539340453488485, 0.13288951558726175, 0.13053770416549274, 0.13141837982194765], "rec_acc": [0.8338963922566504, 0.9118613644021031, 0.9393577973558046, 0.9589428227743472, 0.964219147046918, 0.9713732218250839, 0.9770227431661962, 0.9743887640260943, 0.9815437569985088, 0.9774028349618794, 0.9849335069438563, 0.9853106565006751, 0.9853114839415319, 0.9875706120514202, 0.988700130191116, 0.9902069815039817, 0.9898307513308721, 0.9902064303180697, 0.9898310273838379, 0.992089879732489, 0.994349743385265, 0.9954790773474406, 0.9902081771650988, 0.9913380628965942, 0.9943503869404726, 0.9928439949379585, 0.9917144770227818, 0.9928444545624802, 0.9943502947058809, 0.994727812213585, 0.9935968233024755, 0.995104410202964, 0.993221144584565, 0.9969863886214615, 0.9939741567000823, 0.9969858370989871, 0.9951037669396167, 0.9969866647193157, 0.9973635382455551, 0.9977403200982352], "dataset": "MNIST", "img_size": [28, 28, 1], "train_batch_size": 4096, "inference_batch_size": 1024, "lr": 0.0005, "epochs": 40, "seed": 42, "label_dim": 10, "triddm_proj": 32, "classes": 10, "gt_weight": 0.8}