{"rec_loss": [8.689254215785436, 5.900610480989728, 4.9246790409088135, 4.342356375285557, 4.022757802690778, 3.682861873081752, 3.3065623215266635, 2.9110273463385448, 2.804459129061018, 2.6754166739327565, 2.484589900289263, 2.2833778517586842, 2.112264565059117, 1.9762165120669775, 1.860279645238604, 1.7346829857145036, 1.6869943482535226, 1.6463958280427116, 1.6359915818486894, 1.636076876095363, 1.5037855080195837, 1.5560823338372367, 1.5048937712396895, 1.6036234157426017, 1.5453118000711714, 1.4832157918385096, 1.412300441946302, 1.3313134738377161, 1.2929661444255285, 1.400239680494581, 1.4796502930777413, 1.2621779101235526, 1.3340645347322737, 1.244713612965175, 1.2583983540534973, 1.2123430797031947, 1.1934532267706734, 1.2622814519064767, 1.2825578366007124, 1.2151700598852975], "rec_acc": [0.3088528092293448, 0.41732111684102813, 0.4282734364555094, 0.5261869808353627, 0.5412563146949527, 0.5883207729511846, 0.63049266847775, 0.6064126469468791, 0.5958639489362114, 0.6158217102507808, 0.5969618492823919, 0.5974001278241778, 0.7171318991018729, 0.7186414161748241, 0.7250500146280255, 0.7371011506258175, 0.7363479561734873, 0.7529137616985343, 0.7295233261626427, 0.7578171648876901, 0.763840342429051, 0.732584643228273, 0.7427587632528819, 0.72839298058249, 0.759700800791938, 0.7081016301359568, 0.7630910029335422, 0.7943426618095756, 0.7853017390982053, 0.7623295393462393, 0.7706126718314056, 0.735229102620439, 0.7653240221891572, 0.7762739587386679, 0.7472726999314083, 0.6813917749299181, 0.7710003944579861, 0.749904187164169, 0.7826745611481969, 0.7751417747503806], "dataset": "MNIST", "img_size": [28, 28, 1], "train_batch_size": 4096, "inference_batch_size": 1024, "lr": 0.0005, "epochs": 40, "seed": 42, "label_dim": 10, "triddm_proj": 32, "classes": 10, "gt_weight": 0.8}