{"rec_loss": [1.2873755381442606, 0.39953942550346255, 0.2803682051599026, 0.2089115020353347, 0.19972113240510225, 0.19430768117308617, 0.1881093040574342, 0.18372040102258325, 0.1828362091910094, 0.17937731556594372, 0.17855633539147675, 0.17778284894302487, 0.17680228664539754, 0.1762107335962355, 0.17601474025286734, 0.1751439799554646, 0.17446443461813033, 0.1747611139435321, 0.173928088741377, 0.17354433238506317, 0.17289229249581695, 0.17314442992210388, 0.17252443288452923, 0.17210262711159885, 0.17204195051454008, 0.1716166390106082, 0.17172429454512894, 0.17129646171815693, 0.17123817768879235, 0.1706199673935771, 0.1707135767210275, 0.1706345530692488, 0.17033947678282857, 0.1701379648875445, 0.1701003978960216, 0.1696886618155986, 0.1697137402370572, 0.16959680314175785, 0.16907779150642455, 0.16921105654910207], "rec_acc": [0.13400689696896365, 0.1548793030431363, 0.15784378970294632, 0.16658600036299837, 0.17345271946276242, 0.1912698892854982, 0.2163167765745054, 0.23283320225058987, 0.23957892189485147, 0.2466573900417448, 0.2526468630891161, 0.2539476072357674, 0.2567305947123238, 0.2625990683041926, 0.2635670639482122, 0.2680137939379273, 0.2690422893096981, 0.271159779780991, 0.27227902474438864, 0.2760905075927158, 0.2774517514671184, 0.2820799806400871, 0.28086998608506264, 0.2852562163470264, 0.28770645532095107, 0.28822070300683644, 0.2897331962006171, 0.2897331962006171, 0.2958436687034908, 0.29517817169822735, 0.29953415209631556, 0.29880815536330085, 0.300986145562345, 0.304888378002299, 0.30431363058866234, 0.30694536874584066, 0.31012160445278, 0.31054510254703854, 0.313630588662351, 0.3116643475104362], "dataset": "CIFAR10", "img_size": [32, 32, 3], "train_batch_size": 512, "inference_batch_size": 512, "lr": 0.0005, "epochs": 40, "seed": 114514, "label_dim": 10, "triddm_proj": 32, "classes": 10, "gt_weight": 3}