{"rec_loss": [1.557830708367484, 0.6566502366747174, 0.5896420521395547, 0.5547678938933781, 0.5238147569554192, 0.5111470818519592, 0.4994474670716694, 0.4786897195237024, 0.4496777823993138, 0.42995670224939075, 0.41944734326430727, 0.4138605317899159, 0.4101934177534921, 0.40713334509304594, 0.40430921741894316, 0.401415507708277, 0.39875201880931854, 0.39630257870469776, 0.3935173877647945, 0.3906745272023337, 0.3878175382103239, 0.3850156728710447, 0.3823073463780539, 0.3798641711473465, 0.3774331488779613, 0.37505002106939045, 0.3727167972496578, 0.37053469887801577, 0.3681113315480096, 0.36588147069726673, 0.36364032115255085, 0.36129038887364523, 0.35889379041535513, 0.35672140547207426, 0.35402026985372814, 0.3511656565325601, 0.3484862106187003, 0.3460409130368914, 0.34449136895792826, 0.34275898550237927], "rec_acc": [0.09870623664597318, 0.09730984707010548, 0.09720890324534397, 0.09598075337741213, 0.09937919547771665, 0.09621628896852236, 0.09593028146503138, 0.09633405676407746, 0.09663688823836201, 0.09719207927455038, 0.09752855869042211, 0.09741079089486701, 0.0964013526472518, 0.09660324029677485, 0.09630040882249029, 0.09756220663200929, 0.09956425915644611, 0.09949696327327176, 0.09964837901041404, 0.09927825165295513, 0.09922777974057437, 0.09942966739009741, 0.09971567489358839, 0.09953061121485893, 0.10033816181295109, 0.10038863372533186, 0.10124665623580477, 0.10457780245293494, 0.11080267164656202, 0.1258937734484093, 0.14470297279563923, 0.1614091757936708, 0.17518800787361832, 0.19249987382021905, 0.2305052238429314, 0.2574908729958445, 0.29773381113410385, 0.3325257827352412, 0.3660054846144787, 0.41084136677938726], "dataset": "MNIST", "img_size": [28, 28, 1], "train_batch_size": 4096, "inference_batch_size": 1024, "lr": 0.0005, "epochs": 40, "seed": 114514, "label_dim": 10, "triddm_proj": 32, "classes": 10, "gt_weight": 3}