{"rec_loss": [1.1898371647112072, 0.43817519629374146, 0.4242083136923611, 0.42120733531191945, 0.418647937476635, 0.4162843069061637, 0.41420521307736635, 0.4133048243820667, 0.4123267186805606, 0.4114565891213715, 0.4112255647778511, 0.41169321723282337, 0.4101468757726252, 0.41089178156107664, 0.4090572060085833, 0.4083204846829176, 0.40779597172513604, 0.40799892973154783, 0.4075729697942734, 0.4070288520306349, 0.4070378905162215, 0.40634406404569745, 0.4063838250003755, 0.40624691220000386, 0.4059577896259725, 0.40574142429977655, 0.4058143487200141, 0.40537943597882986, 0.4054345958866179, 0.4054049584083259, 0.40548478718847036, 0.4048618315719068, 0.4049078426323831, 0.40524053387343884, 0.4052789267152548, 0.4043915718793869, 0.4048402663320303, 0.4044572035782039, 0.4043970452621579, 0.40447474643588066], "rec_acc": [0.09722306249621877, 0.09834230745961643, 0.10366628350172424, 0.10306128622421198, 0.10771976526105632, 0.12432694052876762, 0.1438078528646621, 0.1611712747292637, 0.1683404924677839, 0.1717284772218525, 0.16827999274003266, 0.17281747232137457, 0.19042289309698107, 0.17808094863573115, 0.21640752616613226, 0.2261782321979551, 0.2396091717587271, 0.2377336801984391, 0.23364994857523141, 0.2384294270675782, 0.23643293605178778, 0.24605239276423257, 0.22778147498336257, 0.22409099159053783, 0.20709056809244358, 0.21422953596708816, 0.21032730352713414, 0.2081190634642144, 0.21422953596708816, 0.2164982757577591, 0.20173634218646017, 0.22055175751709116, 0.21810151854316656, 0.20869381087785105, 0.21471353378909794, 0.2075745659144534, 0.21247504386230262, 0.2095408070663682, 0.21398753705608325, 0.21864601609292758], "dataset": "CIFAR10", "img_size": [32, 32, 3], "train_batch_size": 512, "inference_batch_size": 512, "lr": 0.0005, "epochs": 40, "seed": 114514, "label_dim": 10, "triddm_proj": 32, "classes": 10, "gt_weight": 3}