{"rec_loss": [2.734516820737294, 0.6078336898769651, 0.43582150978701456, 0.3651521695511682, 0.3246372086661203, 0.29577081969806124, 0.2654166083250727, 0.24545389413833618, 0.2287981648530279, 0.21975421160459518], "rec_acc": [0.8606314439376942, 0.9404880507464459, 0.9619549630671265, 0.9687356573398003, 0.9709969000682356, 0.9740114300898804, 0.9762700069241949, 0.9800362624672226, 0.9826719883869525, 0.9807888152948793], "dataset": "MNIST", "img_size": [28, 28, 1], "train_batch_size": 4096, "inference_batch_size": 1024, "lr": 0.0005, "epochs": 10, "seed": 1234, "label_dim": 10, "triddm_proj": 32, "classes": 10, "gt_weight": 1.1}