{"rec_loss": [7.219134501048496, 4.451381461960929, 3.738851615360805, 3.2552300010408675, 2.819601263318743, 2.5326079641069685, 2.0443350076675415, 1.4143555845533098, 1.0192993666444505, 0.7829693215233939, 0.6075160886560168, 0.5010845597301211, 0.5305457881518773, 0.8471131111894336, 0.49683628550597597, 0.38608329210962566, 0.3197960214955466, 0.2853975168296269, 0.266374226127352, 0.24570646349872863, 0.23106062838009425, 0.2328951018197196, 0.21901492668049677, 0.20727575251034328, 0.1971041581460408], "rec_acc": [0.4692885086752584, 0.5416149959887088, 0.5826707020395434, 0.6583782922710644, 0.6975470580178592, 0.7269306155420103, 0.7589422710273152, 0.812055270755409, 0.8591329598293496, 0.9152500091475363, 0.9337012895240276, 0.9435006509779063, 0.938971180623614, 0.9118697270717955, 0.9306980661181494, 0.954428243797672, 0.9728788782622687, 0.9736355677331388, 0.9777777775084139, 0.9807915728624719, 0.9781535485283392, 0.9871923587089516, 0.9849342423970824, 0.9890753495089144, 0.9875710721024675], "dataset": "MNIST", "img_size": [28, 28, 1], "train_batch_size": 4096, "inference_batch_size": 1024, "lr": 0.0005, "epochs": 25, "seed": 1234, "label_dim": 10, "triddm_proj": 32, "classes": 10, "gt_weight": 0.1}