{"rec_loss": [8.866591589791435, 4.144442677497864, 3.1440913677215576, 2.6003911835806712, 2.235608322279794, 1.9630461590630668, 1.7277151942253113, 1.5301197852407182, 1.356741292136056, 1.189471857888358, 1.0266027706010001, 0.8669921159744263, 0.780627178294318, 0.7405384055205754, 0.7125614838940757, 0.6898423475878579, 0.6683860719203949, 0.6482174822262355, 0.6274652310780117, 0.6081822344235012, 0.5907857205186572, 0.5746563800743648, 0.5597830499921527, 0.5462514630385807, 0.5353769681283406, 0.5242498836347035, 0.515030501144273, 0.5068720919745309, 0.49984090881688253, 0.49353269168308805, 0.4876793154648372, 0.4825543080057417, 0.4778884734426226, 0.47365987939494, 0.4699117647750037, 0.4662298049245562, 0.4627867341041565, 0.45942377192633493, 0.45645446862493244, 0.4538820960691997], "rec_acc": [0.10991100119450192, 0.18427295210215516, 0.31883107050926157, 0.4538434361277949, 0.5563014182607379, 0.6404885681118457, 0.7159609010918757, 0.775214926226888, 0.8265448611181211, 0.883006107101398, 0.929860865761537, 0.981476808156261, 0.9955248237689059, 0.9976614680596915, 0.9983176029206413, 0.9985867864533388, 0.9988391460152425, 0.9989569138107977, 0.9993270411682565, 0.9993102171974629, 0.9992597452850822, 0.9993438651390502, 0.9993775130806373, 0.9995121048469859, 0.9994111610222245, 0.9996971685257154, 0.999713992496509, 0.9998317602920641, 0.9996971685257154, 0.9998654082336513, 0.9998654082336513, 0.9998654082336513, 0.999798112350477, 0.9998990561752384, 0.9998485842628577, 0.9998485842628577, 0.9998654082336513, 0.9998822322044449, 0.9998990561752384, 0.9998822322044449], "dataset": "MNIST", "img_size": [28, 28, 1], "train_batch_size": 4096, "inference_batch_size": 1024, "lr": 0.0005, "epochs": 40, "seed": 114514, "label_dim": 10, "triddm_proj": 32, "classes": 10, "gt_weight": 3}