{"rec_loss": [8.562442678671617, 7.978847320263203, 7.779359185797537, 7.691756742632287, 7.520354670337123, 7.051537342560597, 6.944339842877836, 6.946018681566939, 6.905221421494443, 6.856799153181223, 6.919905992654654, 6.890593560332926, 6.825201157830719, 6.887121179164985, 6.8712671261567335, 6.878127131706629, 6.867364561455881, 6.844676564901303, 6.844633035170726, 6.836684353331215, 6.774774862150861, 6.751287933088776, 6.7720796216247425, 6.711313438211751, 6.694367160145034], "rec_acc": [0.22178095219451013, 0.2114462616285955, 0.2631214375270337, 0.25351986922768616, 0.33629180631557487, 0.33653079121977275, 0.3262756973409402, 0.33685322751302094, 0.27378987448396064, 0.367459845198421, 0.36810829414066704, 0.367934064331579, 0.2846967843865573, 0.3677020288409387, 0.2840482907441818, 0.3261116415330991, 0.28469555240410754, 0.3988744633338122, 0.3160192535473843, 0.21259073592210198, 0.3574494636590498, 0.33677757974975564, 0.30536608077254895, 0.23260394438491336, 0.3371870287423193], "dataset": "MNIST", "img_size": [28, 28, 1], "train_batch_size": 128, "inference_batch_size": 64, "lr": 5e-05, "epochs": 25, "seed": 1234, "label_dim": 10, "triddm_proj": 10, "classes": 10}