{"rec_loss": [14.844120229993548, 9.87808200291225, 7.392212118421282, 4.938365391322544, 2.8951288631984164, 1.8012349946158273, 1.2265857415539878, 0.9563676885196141, 0.8381025407995496, 0.766950568982533, 0.7294639774731227, 0.6976526847907475, 0.6759757782731738, 0.6582307772977012, 0.6396833062171936, 0.6228956537587302, 0.6089960975306374, 0.5934953348977225, 0.5805656484195164, 0.5681256439004626, 0.556835046836308, 0.5467367001942226, 0.5380471412624631, 0.530387397323336, 0.5238018504210881, 0.5178359023162297, 0.512382658464568, 0.5072835513523647, 0.5032406917640141, 0.499413469008037, 0.4949589946440288, 0.4902493527957371, 0.48709637778145926, 0.4845083611352103, 0.48049301760537283, 0.47768430411815643, 0.47600869834423065, 0.4732858751501356, 0.4705194000686918, 0.4665507376194], "rec_acc": [0.14516666666666667, 0.23115, 0.33821666666666667, 0.48386666666666667, 0.65765, 0.80035, 0.8973166666666667, 0.9544, 0.9740166666666666, 0.9842666666666666, 0.9888833333333333, 0.9926666666666667, 0.9946833333333334, 0.9955833333333334, 0.9966, 0.9971666666666666, 0.99765, 0.9979833333333333, 0.9982666666666666, 0.9983666666666666, 0.9985, 0.9987666666666667, 0.9988, 0.9990166666666667, 0.9990333333333333, 0.99905, 0.9990333333333333, 0.99915, 0.9993, 0.9991833333333333, 0.9992333333333333, 0.99935, 0.9993333333333333, 0.99945, 0.9993166666666666, 0.9994166666666666, 0.9994166666666666, 0.99955, 0.99945, 0.99955], "dataset": "MNIST", "img_size": [28, 28, 1], "train_batch_size": 4096, "inference_batch_size": 1024, "lr": 0.0005, "epochs": 40, "seed": 114514, "label_dim": 10, "triddm_proj": 32, "classes": 10, "gt_weight": 3}