{"rec_loss": [7.257460934775216, 4.719889981406076, 4.033603395734515, 3.508655616215297, 3.0864789996828352, 2.770606977599008, 2.4805694818496704, 2.1762881108692715, 1.8696119104112898, 1.5523927296910967, 1.2165743921484267, 0.9800989202090672, 0.7612265859331403, 0.5577961355447769, 0.45371019414493013, 0.3986407901559557, 0.3709662067038672, 0.34637380497796194, 0.3325121147292001, 0.31169684657028746, 0.3001588519130434, 0.294630229473114, 0.2885864887918745, 0.28550692328384947, 0.27687838886465344], "rec_acc": [0.4666576557048167, 0.5397385317637573, 0.6037625772677155, 0.6233480634329374, 0.6621404117086478, 0.6489719845593275, 0.6952871917840686, 0.7325718604545175, 0.7156401258577855, 0.7713750605025165, 0.8327607147308859, 0.8644020225235272, 0.9084729946091303, 0.9468912279377931, 0.958570638064687, 0.970248025022304, 0.9864392545158619, 0.9875701525390674, 0.9887014171891536, 0.9954782502656094, 0.9935966394615557, 0.9947262492747508, 0.9962323654038147, 0.9954806403985863, 0.997362803084195], "dataset": "MNIST", "img_size": [28, 28, 1], "train_batch_size": 4096, "inference_batch_size": 1024, "lr": 0.0005, "epochs": 25, "seed": 1234, "label_dim": 10, "triddm_proj": 32, "classes": 10, "gt_weight": 1.1}