{"rec_loss": [7.146276099341256, 4.41460953439985, 3.6773548296519687, 3.0146618570600237, 2.5842619112559726, 2.2390841160501753, 2.056105818067278, 1.3327080522264754, 0.9423975007874625, 0.7489259839057922, 0.640956210238593, 0.5529177912643978, 0.4959895248923983, 0.4614391305616924, 0.42409112198012217, 0.40515090950897764, 0.44041915237903595, 0.3604675105639866, 0.32410266037498203, 0.30294216317789896, 0.2647728281361716, 0.2480533868074417, 0.22147382263626372, 0.2107777978692736, 0.1975842065044812], "rec_acc": [0.4753168335122829, 0.5220387034141413, 0.629346513887098, 0.6994325286039541, 0.7231570972987709, 0.5916861763547148, 0.755923511386676, 0.8169481020193636, 0.8644068007920608, 0.9114817320960403, 0.9144990217057039, 0.9295629409448554, 0.9231675785152554, 0.9355933817919483, 0.9276885935371708, 0.9487767901079883, 0.950656744257701, 0.9446400068464774, 0.9615722075536557, 0.9623348705281879, 0.9717502796409582, 0.9777780528430706, 0.9822963094895591, 0.9792836183923843, 0.9822971375139228], "dataset": "MNIST", "img_size": [28, 28, 1], "train_batch_size": 4096, "inference_batch_size": 1024, "lr": 0.0005, "epochs": 25, "seed": 1234, "label_dim": 10, "triddm_proj": 32, "classes": 10}