{"rec_loss": [2.1010386858667647, 0.4819260367325374, 0.2817072261657034, 0.20747665422303335, 0.1713535040616989, 0.14702861223902022, 0.13117073263440812, 0.11748665464775902, 0.10838258745414871, 0.1024191714823246, 0.09683368461472648, 0.09168586454221181, 0.08778176456689835, 0.08435996515410286, 0.08071302303246089, 0.07700228957193238, 0.07564301416277885, 0.07235150997127805, 0.0708319257412638, 0.06831882707774639], "rec_acc": [0.9472681930252147, 0.9834270231107032, 0.9913362239945274, 0.9913380627396187, 0.9954796288475007, 0.9951040422519962, 0.9954795371964321, 0.9969863888010154, 0.998868459274545, 0.9977399522594804, 0.9984930564300574, 0.995857606069613, 0.9947277204279001, 0.9988693786582704, 0.9977399525288333, 0.9973640899027388, 0.9984924130320884, 0.997740320165598, 0.9981167343141834, 0.9973639061965777], "dataset": "MNIST", "img_size": [28, 28, 1], "train_batch_size": 4096, "inference_batch_size": 1024, "lr": 0.0005, "epochs": 20, "seed": 42, "label_dim": 10, "triddm_proj": 32, "classes": 10, "gt_weight": 1}