{"rec_loss": [0.5994366272352636, 0.29154001688584685, 0.2741466867737472, 0.2684478838928044, 0.26600637659430504, 0.26330376602709293, 0.2620814386755228, 0.26140750711783767, 0.25951328058727086, 0.2588350223377347, 0.2588733830489218, 0.25752275064587593, 0.25767077784985304, 0.2569129467010498, 0.2560898319352418, 0.256243244279176, 0.25538664497435093, 0.2554523767903447, 0.2548251140397042, 0.2543624744284898, 0.2540515239816159, 0.2541961532551795, 0.2539766221307218, 0.2534054429270327, 0.25354367727413774, 0.2528161439113319, 0.25298809772357345, 0.25258977175690234, 0.25245030014775693, 0.2524515630211681, 0.25231176940724254, 0.2519957753829658, 0.25197341153398156, 0.25163754215463996, 0.2520030753221363, 0.25130471121519804, 0.2514069224707782, 0.2519248176831752, 0.2508219995070249, 0.25156520516611636], "rec_acc": [0.1719099764051062, 0.20052634763143565, 0.22971746627140177, 0.24332990501542742, 0.2562768467541896, 0.2685280416238127, 0.27639300623147195, 0.28622421199104603, 0.28909794905922925, 0.29656966543650554, 0.29877790549942523, 0.30240788916449873, 0.30304313630588664, 0.30903260935325794, 0.31151309819105816, 0.31783531974106116, 0.31949906225421987, 0.32092080585637367, 0.3224332990501543, 0.3271220279508742, 0.3268497791759937, 0.3306915118881965, 0.3292395184221671, 0.32884627019178414, 0.3314780083489624, 0.33707423316595075, 0.3372254824853288, 0.33804222880997037, 0.3418234617944219, 0.33964547159537783, 0.3393429729566217, 0.34000846996188516, 0.34388045253796357, 0.34294270675781957, 0.3444249500877246, 0.34527194627624175, 0.3483876822554299, 0.3432452053965757, 0.350172424224091, 0.34693568878940045], "dataset": "CIFAR10", "img_size": [32, 32, 3], "train_batch_size": 512, "inference_batch_size": 512, "lr": 0.0005, "epochs": 40, "seed": 114514, "label_dim": 10, "triddm_proj": 32, "classes": 10, "gt_weight": 3}